"Time","T0179","","T0179","","T0179","","T0179","","T0179","","T0179","","T0179",""
"and","10.00","","400.00","","430.00","","500.00","","515.00","","550.00","","750.00",""
"Date","Pioggia (mm)","","Temp. aria (�C)","","Umidita' aria (%)","","Dir. Vento (�)","","Vel. Vento (m/s)","","Pressione atm. (hPa)","","Rad.Sol.Tot. (kJ/m2)",""
"","Total","Qual","Mean","Qual","Mean","Qual","Mean","Qual","Mean","Qual","Mean","Qual","Total","Qual"
00:00:00 01/01/2019,"",    255,"",    255,"",    255,"",    255,"",    255,"",    255,"",    255,Sites:
00:00:00 01/01/2020,"",    255,"",    255,"",    255,"",    255,"",    255,"",    255,"",    255,T0179 - Tione Lat:46.041087 Long:10.730879 Elev:533
,,,,,,,,,,,,,,,
,,,,,,,,,,,,,,,Variables:
,,,,,,,,,,,,,,,10 - Pioggia (millimetri)
,,,,,,,,,,,,,,,400 - Temperatura aria (gradi Celsius)
,,,,,,,,,,,,,,,430 - Umidita' aria (percentuale)
,,,,,,,,,,,,,,,500 - Direzione vento media (gradi)
,,,,,,,,,,,,,,,515 - Velocita' vento media (metri/secondo)
,,,,,,,,,,,,,,,550 - Pressione atmosferica (Ettopascal)
,,,,,,,,,,,,,,,750 - Radiazione solare totale (KJoule/metroquadro)
,,,,,,,,,,,,,,,
,,,,,,,,,,,,,,,Qualities:
,,,,,,,,,,,,,,,255 - No data

