"Time","T0099","","T0099",""
"and","10.00","","400.00",""
"Date","Pioggia (mm)","","Temp. aria (�C)",""
"","Total","Qual","Mean","Qual"
00:00:00 01/01/2019,       999.6,    140,         3.1,      1,Sites:
00:00:00 01/01/2020,"",    255,"",    255,T0099 - Cima Paganella Lat:46.143328 Long:11.037329 Elev:2125
,,,,,
,,,,,Variables:
,,,,,10 - Pioggia (millimetri)
,,,,,400 - Temperatura aria (gradi Celsius)
,,,,,
,,,,,Qualities:
,,,,,1 - Dato buono
,,,,,"140 - dato incerto, per analisi climatiche o malfunzionamento stazione"
,,,,,255 - No data

